<?xml version="1.0" encoding="UTF-8"?>
<objects serializationModel="Studio.02.02.00">
	<object class="Event" id="{53a90368-1347-4367-a1a0-eda5dbb3e7ec}">
		<property name="name">
			<value>Obtener objeto</value>
		</property>
		<property name="outputFormat">
			<value>1</value>
		</property>
		<relationship name="folder">
			<destination>{218a68ef-268e-4ac6-a3f0-85bf2aba48b9}</destination>
		</relationship>
		<relationship name="mixer">
			<destination>{0ac2ea6c-6ba7-4bfc-a5d6-29fbb5a45e37}</destination>
		</relationship>
		<relationship name="masterTrack">
			<destination>{d38d292c-a45e-4ab4-8aed-79ff8c42d1e8}</destination>
		</relationship>
		<relationship name="mixerInput">
			<destination>{9dd003e4-a79e-4a1b-ab31-f0c7a3a7d122}</destination>
		</relationship>
		<relationship name="automatableProperties">
			<destination>{4170d575-d3ec-46a8-a833-d6a2b7f5d3ee}</destination>
		</relationship>
		<relationship name="markerTracks">
			<destination>{d89afc2a-c2b8-465a-97af-032c83bcaf2e}</destination>
		</relationship>
		<relationship name="groupTracks">
			<destination>{f4521e35-ec63-439d-8fa9-20d69fe9e466}</destination>
		</relationship>
		<relationship name="timeline">
			<destination>{3b5a452d-5778-4ec9-8a15-c050d6c654e4}</destination>
		</relationship>
		<relationship name="banks">
			<destination>{bcf980e3-3a7d-44f9-8308-2ee16c55c167}</destination>
		</relationship>
	</object>
	<object class="EventMixer" id="{0ac2ea6c-6ba7-4bfc-a5d6-29fbb5a45e37}">
		<relationship name="masterBus">
			<destination>{02cfd01f-157e-43d8-b23a-c10698364c4a}</destination>
		</relationship>
	</object>
	<object class="MasterTrack" id="{d38d292c-a45e-4ab4-8aed-79ff8c42d1e8}">
		<relationship name="mixerGroup">
			<destination>{02cfd01f-157e-43d8-b23a-c10698364c4a}</destination>
		</relationship>
	</object>
	<object class="MixerInput" id="{9dd003e4-a79e-4a1b-ab31-f0c7a3a7d122}">
		<relationship name="effectChain">
			<destination>{2ec64d31-15ed-4596-aba8-51beedd7ee27}</destination>
		</relationship>
		<relationship name="panner">
			<destination>{70ef310f-3af5-4ad2-989c-d72f0956b633}</destination>
		</relationship>
		<relationship name="output">
			<destination>{030daeba-eef7-4335-9a29-cf49ff5925b8}</destination>
		</relationship>
	</object>
	<object class="EventAutomatableProperties" id="{4170d575-d3ec-46a8-a833-d6a2b7f5d3ee}" />
	<object class="MarkerTrack" id="{d89afc2a-c2b8-465a-97af-032c83bcaf2e}" />
	<object class="GroupTrack" id="{f4521e35-ec63-439d-8fa9-20d69fe9e466}">
		<relationship name="modules">
			<destination>{1519ae53-b8af-442d-bc60-551d9eba8569}</destination>
		</relationship>
		<relationship name="mixerGroup">
			<destination>{b97a9352-add1-47b6-a13e-6667a75630de}</destination>
		</relationship>
	</object>
	<object class="Timeline" id="{3b5a452d-5778-4ec9-8a15-c050d6c654e4}">
		<relationship name="modules">
			<destination>{1519ae53-b8af-442d-bc60-551d9eba8569}</destination>
		</relationship>
	</object>
	<object class="EventMixerMaster" id="{02cfd01f-157e-43d8-b23a-c10698364c4a}">
		<relationship name="effectChain">
			<destination>{7b47a13d-00a4-4a3e-b83c-af8c57211231}</destination>
		</relationship>
		<relationship name="panner">
			<destination>{8f11c3eb-643a-4d7b-b2ce-b0e86cf1df96}</destination>
		</relationship>
		<relationship name="mixer">
			<destination>{0ac2ea6c-6ba7-4bfc-a5d6-29fbb5a45e37}</destination>
		</relationship>
	</object>
	<object class="MixerBusEffectChain" id="{2ec64d31-15ed-4596-aba8-51beedd7ee27}">
		<relationship name="effects">
			<destination>{95571a9c-891e-4496-a1bc-5ca9df1487a7}</destination>
		</relationship>
	</object>
	<object class="MixerBusPanner" id="{70ef310f-3af5-4ad2-989c-d72f0956b633}" />
	<object class="SingleSound" id="{1519ae53-b8af-442d-bc60-551d9eba8569}">
		<property name="length">
			<value>1.7000000000000002</value>
		</property>
		<relationship name="audioFile">
			<destination>{b1d3ed54-de6d-40b2-a98d-0f20ed1848bb}</destination>
		</relationship>
	</object>
	<object class="EventMixerGroup" id="{b97a9352-add1-47b6-a13e-6667a75630de}">
		<property name="volume">
			<value>-20</value>
		</property>
		<property name="name">
			<value>Audio 1</value>
		</property>
		<relationship name="effectChain">
			<destination>{ef6c2e34-3a23-4a19-8530-7fd51e3180e8}</destination>
		</relationship>
		<relationship name="panner">
			<destination>{457b3d63-e1c9-4e27-8be4-99491f9b6519}</destination>
		</relationship>
		<relationship name="output">
			<destination>{02cfd01f-157e-43d8-b23a-c10698364c4a}</destination>
		</relationship>
	</object>
	<object class="MixerBusEffectChain" id="{7b47a13d-00a4-4a3e-b83c-af8c57211231}">
		<relationship name="effects">
			<destination>{d8349708-b126-4430-90a0-4be56528c5c5}</destination>
		</relationship>
	</object>
	<object class="MixerBusPanner" id="{8f11c3eb-643a-4d7b-b2ce-b0e86cf1df96}" />
	<object class="MixerBusFader" id="{95571a9c-891e-4496-a1bc-5ca9df1487a7}" />
	<object class="MixerBusEffectChain" id="{ef6c2e34-3a23-4a19-8530-7fd51e3180e8}">
		<relationship name="effects">
			<destination>{c0ae0e91-1614-4e58-8e10-6c97eff52a09}</destination>
		</relationship>
	</object>
	<object class="MixerBusPanner" id="{457b3d63-e1c9-4e27-8be4-99491f9b6519}" />
	<object class="MixerBusFader" id="{d8349708-b126-4430-90a0-4be56528c5c5}" />
	<object class="MixerBusFader" id="{c0ae0e91-1614-4e58-8e10-6c97eff52a09}" />
</objects>
