<?xml version="1.0" encoding="UTF-8"?>
<objects serializationModel="Studio.02.02.00">
	<object class="Event" id="{851c8c44-2e64-4ba0-a040-4db71e7288a2}">
		<property name="name">
			<value>Portal pasivo</value>
		</property>
		<property name="outputFormat">
			<value>1</value>
		</property>
		<relationship name="folder">
			<destination>{218a68ef-268e-4ac6-a3f0-85bf2aba48b9}</destination>
		</relationship>
		<relationship name="mixer">
			<destination>{09122c9f-b2ff-42ec-bce5-e1bcd809fdbb}</destination>
		</relationship>
		<relationship name="masterTrack">
			<destination>{ced7618e-f7d0-442b-ba80-f75c4de30f7b}</destination>
		</relationship>
		<relationship name="mixerInput">
			<destination>{62c78c70-8137-4462-9642-e054751fd2e9}</destination>
		</relationship>
		<relationship name="automatableProperties">
			<destination>{8cdc22ff-2b5c-4a17-8a13-aafe077c5226}</destination>
		</relationship>
		<relationship name="markerTracks">
			<destination>{36b0b98d-874b-4256-8d81-a1631af69b1d}</destination>
		</relationship>
		<relationship name="groupTracks">
			<destination>{b905f149-aaf5-4ba2-acbb-79a9da6f53db}</destination>
		</relationship>
		<relationship name="timeline">
			<destination>{4dd76d96-3ed3-487a-b983-766f506bd030}</destination>
		</relationship>
		<relationship name="banks">
			<destination>{bcf980e3-3a7d-44f9-8308-2ee16c55c167}</destination>
		</relationship>
	</object>
	<object class="EventMixer" id="{09122c9f-b2ff-42ec-bce5-e1bcd809fdbb}">
		<relationship name="masterBus">
			<destination>{1b6eb183-d453-4d4e-8440-3ac0471c9551}</destination>
		</relationship>
	</object>
	<object class="MasterTrack" id="{ced7618e-f7d0-442b-ba80-f75c4de30f7b}">
		<relationship name="mixerGroup">
			<destination>{1b6eb183-d453-4d4e-8440-3ac0471c9551}</destination>
		</relationship>
	</object>
	<object class="MixerInput" id="{62c78c70-8137-4462-9642-e054751fd2e9}">
		<relationship name="effectChain">
			<destination>{e1836979-28dc-406c-bb3a-9faa8e3a1428}</destination>
		</relationship>
		<relationship name="panner">
			<destination>{53519d22-2c15-441a-909f-9e1821288510}</destination>
		</relationship>
		<relationship name="output">
			<destination>{030daeba-eef7-4335-9a29-cf49ff5925b8}</destination>
		</relationship>
	</object>
	<object class="EventAutomatableProperties" id="{8cdc22ff-2b5c-4a17-8a13-aafe077c5226}" />
	<object class="MarkerTrack" id="{36b0b98d-874b-4256-8d81-a1631af69b1d}" />
	<object class="GroupTrack" id="{b905f149-aaf5-4ba2-acbb-79a9da6f53db}">
		<relationship name="modules">
			<destination>{55e87f1b-d543-4f3c-9264-3889cbe930be}</destination>
		</relationship>
		<relationship name="mixerGroup">
			<destination>{c06bf041-266c-4279-bfbe-a77449b8b3ef}</destination>
		</relationship>
	</object>
	<object class="Timeline" id="{4dd76d96-3ed3-487a-b983-766f506bd030}">
		<relationship name="modules">
			<destination>{55e87f1b-d543-4f3c-9264-3889cbe930be}</destination>
		</relationship>
	</object>
	<object class="EventMixerMaster" id="{1b6eb183-d453-4d4e-8440-3ac0471c9551}">
		<property name="volume">
			<value>-12.5</value>
		</property>
		<relationship name="effectChain">
			<destination>{0d8374f0-b587-45cb-8d6b-cbb1349f36a7}</destination>
		</relationship>
		<relationship name="panner">
			<destination>{5c137775-90d3-4ebf-addc-a27ca6137700}</destination>
		</relationship>
		<relationship name="mixer">
			<destination>{09122c9f-b2ff-42ec-bce5-e1bcd809fdbb}</destination>
		</relationship>
	</object>
	<object class="MixerBusEffectChain" id="{e1836979-28dc-406c-bb3a-9faa8e3a1428}">
		<relationship name="effects">
			<destination>{dbb8b985-2a8d-46a1-ac54-10afce3910c1}</destination>
		</relationship>
	</object>
	<object class="MixerBusPanner" id="{53519d22-2c15-441a-909f-9e1821288510}" />
	<object class="SingleSound" id="{55e87f1b-d543-4f3c-9264-3889cbe930be}">
		<property name="length">
			<value>85.885000000000005</value>
		</property>
		<relationship name="audioFile">
			<destination>{59ce9434-5f54-476c-ab31-3e8854dbf435}</destination>
		</relationship>
	</object>
	<object class="EventMixerGroup" id="{c06bf041-266c-4279-bfbe-a77449b8b3ef}">
		<property name="name">
			<value>Audio 1</value>
		</property>
		<relationship name="effectChain">
			<destination>{fe749e45-4dfe-490f-901e-8d3c737b9bf2}</destination>
		</relationship>
		<relationship name="panner">
			<destination>{c2ba3ecb-648a-4b93-b3b2-255ad1118b66}</destination>
		</relationship>
		<relationship name="output">
			<destination>{1b6eb183-d453-4d4e-8440-3ac0471c9551}</destination>
		</relationship>
	</object>
	<object class="MixerBusEffectChain" id="{0d8374f0-b587-45cb-8d6b-cbb1349f36a7}">
		<relationship name="effects">
			<destination>{57dcf9af-7b01-414d-b4c1-55af1f988f49}</destination>
		</relationship>
	</object>
	<object class="MixerBusPanner" id="{5c137775-90d3-4ebf-addc-a27ca6137700}" />
	<object class="MixerBusFader" id="{dbb8b985-2a8d-46a1-ac54-10afce3910c1}" />
	<object class="MixerBusEffectChain" id="{fe749e45-4dfe-490f-901e-8d3c737b9bf2}">
		<relationship name="effects">
			<destination>{04fbf317-1dd8-4a03-a8d5-72b968ea41b2}</destination>
		</relationship>
	</object>
	<object class="MixerBusPanner" id="{c2ba3ecb-648a-4b93-b3b2-255ad1118b66}" />
	<object class="MixerBusFader" id="{57dcf9af-7b01-414d-b4c1-55af1f988f49}" />
	<object class="MixerBusFader" id="{04fbf317-1dd8-4a03-a8d5-72b968ea41b2}" />
</objects>
