<?xml version="1.0" encoding="UTF-8"?>
<objects serializationModel="Studio.02.02.00">
	<object class="MasterTagFolder" id="{bf00ea75-8d2b-40c3-a4ee-3fb0f52a0e03}">
		<property name="name">
			<value>Master</value>
		</property>
		<relationship name="items">
			<destination>{1182c460-5521-48b5-8eea-27de37ab2526}</destination>
			<destination>{5cad197e-f733-4120-89e9-5c3efebed68b}</destination>
			<destination>{e40b084e-f210-4d4a-b7bb-f0f8d1db663d}</destination>
			<destination>{1796405b-b4bf-4041-ad42-814711895b7f}</destination>
			<destination>{200e8285-4727-4981-bb18-182dd1ae0e0f}</destination>
			<destination>{81c8f272-ae36-4170-bdce-560c1db7909d}</destination>
			<destination>{d8a161e6-26ac-4098-ae51-01053d32999a}</destination>
			<destination>{e7c66042-4b0c-4e79-8e7d-8ce585f41a05}</destination>
			<destination>{12bcd0f4-6de1-4c8f-9867-8e81f24528e7}</destination>
			<destination>{5155f831-0946-4c55-9b26-ebd34325f56f}</destination>
			<destination>{43c320b7-98e7-42ce-a42b-a69bb899ff7a}</destination>
			<destination>{7d74e91e-cb38-46dc-a26a-74afdb9abc15}</destination>
			<destination>{38a412e3-d3b5-4a5f-a73c-3d6c989e3f05}</destination>
		</relationship>
	</object>
	<object class="Tag" id="{1182c460-5521-48b5-8eea-27de37ab2526}">
		<property name="name">
			<value>placeholder</value>
		</property>
	</object>
	<object class="Tag" id="{5cad197e-f733-4120-89e9-5c3efebed68b}">
		<property name="name">
			<value>placeholder</value>
		</property>
	</object>
	<object class="Tag" id="{e40b084e-f210-4d4a-b7bb-f0f8d1db663d}">
		<property name="name">
			<value>placeholder</value>
		</property>
	</object>
	<object class="Tag" id="{1796405b-b4bf-4041-ad42-814711895b7f}">
		<property name="name">
			<value>placeholder</value>
		</property>
	</object>
	<object class="Tag" id="{200e8285-4727-4981-bb18-182dd1ae0e0f}">
		<property name="name">
			<value>placeholder</value>
		</property>
	</object>
	<object class="Tag" id="{81c8f272-ae36-4170-bdce-560c1db7909d}">
		<property name="name">
			<value>placeholder</value>
		</property>
	</object>
	<object class="Tag" id="{d8a161e6-26ac-4098-ae51-01053d32999a}">
		<property name="name">
			<value>placeholder</value>
		</property>
	</object>
	<object class="Tag" id="{e7c66042-4b0c-4e79-8e7d-8ce585f41a05}">
		<property name="name">
			<value>placeholder</value>
		</property>
	</object>
	<object class="Tag" id="{12bcd0f4-6de1-4c8f-9867-8e81f24528e7}">
		<property name="name">
			<value>placeholder</value>
		</property>
	</object>
	<object class="Tag" id="{5155f831-0946-4c55-9b26-ebd34325f56f}">
		<property name="name">
			<value>placeholder</value>
		</property>
	</object>
	<object class="Tag" id="{43c320b7-98e7-42ce-a42b-a69bb899ff7a}">
		<property name="name">
			<value>placeholder</value>
		</property>
	</object>
	<object class="Tag" id="{7d74e91e-cb38-46dc-a26a-74afdb9abc15}">
		<property name="name">
			<value>placeholder</value>
		</property>
	</object>
	<object class="Tag" id="{38a412e3-d3b5-4a5f-a73c-3d6c989e3f05}">
		<property name="name">
			<value>placeholder</value>
		</property>
	</object>
</objects>
