<?xml version="1.0" encoding="UTF-8"?>
<objects serializationModel="Studio.02.02.00">
	<object class="Workspace" id="{e5903a2b-a16f-4fc6-8995-8bfdb2c6c682}">
		<relationship name="masterEventFolder">
			<destination>{bfabe229-fdf2-4e50-b470-031869db340e}</destination>
		</relationship>
		<relationship name="masterTagFolder">
			<destination>{bf00ea75-8d2b-40c3-a4ee-3fb0f52a0e03}</destination>
		</relationship>
		<relationship name="masterEffectPresetFolder">
			<destination>{df99d8c3-acaa-4f4c-aa0d-505f567b44da}</destination>
		</relationship>
		<relationship name="masterParameterPresetFolder">
			<destination>{0d72f35c-abeb-43cd-bf80-d9b2c9e10bf4}</destination>
		</relationship>
		<relationship name="masterBankFolder">
			<destination>{849d7476-d9b0-4e60-bb3c-a972bc8c3004}</destination>
		</relationship>
		<relationship name="masterSandboxFolder">
			<destination>{3ab6b018-376b-467b-9340-eababcf022ba}</destination>
		</relationship>
		<relationship name="masterAssetFolder">
			<destination>{4c95db14-a581-4a40-a585-7d8ce8a66b46}</destination>
		</relationship>
		<relationship name="mixer">
			<destination>{98c00744-ca32-4044-b73c-9855b0a3588c}</destination>
		</relationship>
		<relationship name="profilerSessionFolder">
			<destination>{b6699b6f-7990-483d-9fae-254830e31bbe}</destination>
		</relationship>
		<relationship name="platforms">
			<destination>{e6da3c9b-b198-48ca-b631-b0beb6c983a3}</destination>
		</relationship>
	</object>
</objects>
