<?xml version="1.0" encoding="UTF-8"?>
<objects serializationModel="Studio.02.02.00">
	<object class="EncodingSetting" id="{d36ad2c3-bafb-4bff-ae0f-cd0234e36df2}">
		<property name="encodingFormat">
			<value>3</value>
		</property>
		<property name="quality">
			<value>37</value>
		</property>
		<relationship name="platform">
			<destination>{e6da3c9b-b198-48ca-b631-b0beb6c983a3}</destination>
		</relationship>
		<relationship name="encodable">
			<destination>{e6da3c9b-b198-48ca-b631-b0beb6c983a3}</destination>
		</relationship>
	</object>
</objects>
