<?xml version="1.0" encoding="UTF-8"?>
<objects serializationModel="Studio.02.02.00">
	<object class="AudioFile" id="{60069796-25c4-425c-bb6b-b28de0e62fba}">
		<property name="assetPath">
			<value>TrampaEstasis_Edit.wav</value>
		</property>
		<property name="frequencyInKHz">
			<value>48</value>
		</property>
		<property name="channelCount">
			<value>1</value>
		</property>
		<property name="length">
			<value>0.97031250000000002</value>
		</property>
		<relationship name="masterAssetFolder">
			<destination>{4c95db14-a581-4a40-a585-7d8ce8a66b46}</destination>
		</relationship>
	</object>
</objects>
