<?xml version="1.0" encoding="UTF-8"?>
<objects serializationModel="Studio.02.02.00">
	<object class="AudioFile" id="{8a0ee332-9e1d-45ee-96a7-8bd09257b0ff}">
		<property name="assetPath">
			<value>paso chillon 5.wav</value>
		</property>
		<property name="frequencyInKHz">
			<value>48</value>
		</property>
		<property name="channelCount">
			<value>1</value>
		</property>
		<property name="length">
			<value>0.30449999999999999</value>
		</property>
		<relationship name="masterAssetFolder">
			<destination>{4c95db14-a581-4a40-a585-7d8ce8a66b46}</destination>
		</relationship>
	</object>
</objects>
