<?xml version="1.0" encoding="UTF-8"?>
<objects serializationModel="Studio.02.02.00">
	<object class="AudioFile" id="{8adadca7-954a-406c-92e8-96fcdbdaa571}">
		<property name="assetPath">
			<value>Trampa_activada.wav</value>
		</property>
		<property name="frequencyInKHz">
			<value>48</value>
		</property>
		<property name="channelCount">
			<value>1</value>
		</property>
		<property name="length">
			<value>0.52258333333333329</value>
		</property>
		<relationship name="masterAssetFolder">
			<destination>{4c95db14-a581-4a40-a585-7d8ce8a66b46}</destination>
		</relationship>
	</object>
</objects>
