<?xml version="1.0" encoding="UTF-8"?>
<objects serializationModel="Studio.02.02.00">
	<object class="AudioFile" id="{9d3cdd62-2b1f-4ad9-af56-d6dccdf9d757}">
		<property name="assetPath">
			<value>ABRIR COFRE 2.wav</value>
		</property>
		<property name="frequencyInKHz">
			<value>48</value>
		</property>
		<property name="channelCount">
			<value>2</value>
		</property>
		<property name="length">
			<value>2.5</value>
		</property>
		<relationship name="masterAssetFolder">
			<destination>{4c95db14-a581-4a40-a585-7d8ce8a66b46}</destination>
		</relationship>
	</object>
</objects>
