<?xml version="1.0" encoding="UTF-8"?>
<objects serializationModel="Studio.02.02.00">
	<object class="AudioFile" id="{dd0d8d1b-0768-455d-a80d-2c597893ebb9}">
		<property name="assetPath">
			<value>Hit confirm.wav</value>
		</property>
		<property name="frequencyInKHz">
			<value>96</value>
		</property>
		<property name="channelCount">
			<value>2</value>
		</property>
		<property name="length">
			<value>0.60802083333333334</value>
		</property>
		<relationship name="masterAssetFolder">
			<destination>{4c95db14-a581-4a40-a585-7d8ce8a66b46}</destination>
		</relationship>
	</object>
</objects>
